"scientific_name","full_name","species_group","mobility","flag","comment","quantity","use_method_cov","run_initiated","run_completed","run_time","models","num_presence","num_absence","run_name","observation_methods","method_predict_to","mean_TSS_ensemble","mean_TSS_all_submodels","metric_select_and_weight","metric_binary","short_name","output_repo","kept_algos","n_kept_algos"
"Acrochaetium.secundatum","Acrochaetium secundatum","macrophytes","non-mobile","red","Swedish west coast missing in predictions.",181,FALSE,1,1,0.598573129110866,"RF, XGBOOST, GAM",181,8961,"run3_macrophytes",NA,NA,0.996205357142857,0.9148,"TSS","TSS","Acrochaetium.secundatum","macrophytes","RF,XGBOOST,GAM",3
"Aegagropila.linnaei","Aegagropila linnaei","macrophytes","non-mobile","green","",4516,FALSE,1,1,1.17321991138988,"RF, XGBOOST, GAM",4516,24889,"run3_macrophytes",NA,NA,0.891486527431663,0.658733333333333,"TSS","TSS","Aegagropila.linnaei","macrophytes","RF,XGBOOST,GAM",3
"Agarophyton.vermiculophyllum","Agarophyton vermiculophyllum","macrophytes","non-mobile","red","Swedish west coast missing in predictions. Low number of positive cases (presences) in model training data.",96,TRUE,1,1,0.571294334464603,"RF, XGBOOST, GAM",96,4755,"run3_macrophytes","DE,DK,EE,FI,PL,SE","DK",1,0.9246,"TSS","TSS","Agarophyton.vermiculophyl","macrophytes","RF,XGBOOST,GAM",3
"Aglaothamnion.tenuissimum","Aglaothamnion tenuissimum","macrophytes","non-mobile","yellow","Southeast coast of Sweden underpredicted and/or southeast Baltic possibly overpredicted.",441,FALSE,1,1,0.778550806376669,"RF, XGBOOST, GAM",441,21154,"run3_macrophytes",NA,NA,0.981186480737414,0.946933333333333,"TSS","TSS","Aglaothamnion.tenuissimum","macrophytes","RF,XGBOOST,GAM",3
"Ahnfeltia.plicata","Ahnfeltia plicata","macrophytes","non-mobile","green","",368,FALSE,1,1,0.587038800319036,"RF, XGBOOST, GAM",368,16225,"run3_macrophytes",NA,NA,0.927702494482155,0.7632,"TSS","TSS","Ahnfeltia.plicata","macrophytes","RF,XGBOOST,GAM",3
"Alisma.wahlenbergii","Alisma wahlenbergii","macrophytes","non-mobile","green","",443,FALSE,1,1,0.731508732239405,"RF, XGBOOST, GAM",443,15772,"run3_macrophytes",NA,NA,0.930976181485255,0.760466666666667,"TSS","TSS","Alisma.wahlenbergii","macrophytes","RF,XGBOOST,GAM",3
"Apoglossum.ruscifolium","Apoglossum ruscifolium","macrophytes","non-mobile","yellow","Low number of positive cases (presences) in model training data.",125,FALSE,1,1,0.544053859114647,"RF, XGBOOST, GAM",125,5796,"run3_macrophytes",NA,NA,0.972562553925798,0.694533333333333,"TSS","TSS","Apoglossum.ruscifolium","macrophytes","RF,XGBOOST,GAM",3
"Ascophyllum.nodosum","Ascophyllum nodosum","macrophytes","non-mobile","green","",311,FALSE,1,1,0.75639613058832,"RF, XGBOOST, GAM",311,15402,"run3_macrophytes",NA,NA,0.974109761206535,0.885933333333333,"TSS","TSS","Ascophyllum.nodosum","macrophytes","RF,XGBOOST,GAM",3
"Asperococcus.bullosus","Asperococcus bullosus","macrophytes","non-mobile","green","",192,FALSE,1,1,0.657315048045582,"RF, XGBOOST, GAM",192,9517,"run3_macrophytes",NA,NA,0.9955859169732,0.9322,"TSS","TSS","Asperococcus.bullosus","macrophytes","RF,XGBOOST,GAM",3
"Batrachospermum","Batrachospermum","macrophytes","non-mobile","yellow","Low number of positive cases (presences) in model training data.",109,FALSE,1,1,0.531132698323992,"RF, XGBOOST, GAM",109,5406,"run3_macrophytes",NA,NA,0.966092002354722,0.8134,"TSS","TSS","Batrachospermum","macrophytes","RF,XGBOOST,GAM",3
"Battersia.arctica","Battersia arctica","macrophytes","non-mobile","green","",2064,FALSE,1,1,1.37249986138609,"RF, XGBOOST, GAM",2064,27563,"run3_macrophytes",NA,NA,0.822473054005303,0.663533333333333,"TSS","TSS","Battersia.arctica","macrophytes","RF,XGBOOST,GAM",3
"Bolboschoenus.maritimus","Bolboschoenus maritimus","macrophytes","non-mobile","green","",472,FALSE,1,1,0.808422597779168,"RF, XGBOOST, GAM",472,16168,"run3_macrophytes",NA,NA,0.716342320293688,0.432733333333333,"TSS","TSS","Bolboschoenus.maritimus","macrophytes","XGBOOST,GAM",2
"Bonnemaisonia.asparagoides","Bonnemaisonia asparagoides","macrophytes","non-mobile","green","",408,FALSE,1,1,0.748879498574469,"RF, XGBOOST, GAM",408,20234,"run3_macrophytes",NA,NA,0.97250236549808,0.93,"TSS","TSS","Bonnemaisonia.asparagoide","macrophytes","RF,XGBOOST,GAM",3
"Bonnemaisonia.hamifera","Bonnemaisonia hamifera","macrophytes","non-mobile","yellow","Underprediction at the Swedish west coast.",283,FALSE,1,1,0.750068424145381,"RF, XGBOOST, GAM",283,11998,"run3_macrophytes",NA,NA,0.949372807017544,0.742,"TSS","TSS","Bonnemaisonia.hamifera","macrophytes","RF,XGBOOST,GAM",3
"Bryopsis.hypnoides","Bryopsis hypnoides","macrophytes","non-mobile","green","",467,FALSE,1,1,0.808876036405563,"RF, XGBOOST, GAM",467,22683,"run3_macrophytes",NA,NA,0.965757771821179,0.911533333333333,"TSS","TSS","Bryopsis.hypnoides","macrophytes","RF,XGBOOST,GAM",3
"Bryopsis.plumosa","Bryopsis plumosa","macrophytes","non-mobile","green","",293,FALSE,1,1,0.683576173053847,"RF, XGBOOST, GAM",293,14442,"run3_macrophytes",NA,NA,0.985872576177285,0.907066666666667,"TSS","TSS","Bryopsis.plumosa","macrophytes","RF,XGBOOST,GAM",3
"Butomus.umbellatus","Butomus umbellatus","macrophytes","non-mobile","yellow","Low number of positive cases (presences) in model training data.",107,FALSE,1,1,0.704083387785488,"RF, XGBOOST, GAM",107,5304,"run3_macrophytes",NA,NA,0.983788878416588,0.712866666666667,"TSS","TSS","Butomus.umbellatus","macrophytes","RF,XGBOOST,GAM",3
"Callithamnion.corymbosum","Callithamnion corymbosum","macrophytes","non-mobile","yellow","Potential overprediction in southeast Baltic.",351,FALSE,1,1,0.774837196932899,"RF, XGBOOST, GAM",351,16497,"run3_macrophytes",NA,NA,0.942641493093145,0.703866666666667,"TSS","TSS","Callithamnion.corymbosum","macrophytes","RF,XGBOOST,GAM",3
"Callithamnion.tetragonum","Callithamnion tetragonum","macrophytes","non-mobile","yellow","Low number of positive cases (presences) in model training data.",113,FALSE,1,1,0.570645980305142,"RF, XGBOOST, GAM",113,5598,"run3_macrophytes",NA,NA,0.990714285714286,0.8954,"TSS","TSS","Callithamnion.tetragonum","macrophytes","RF,XGBOOST,GAM",3
"Callitriche.hermaphroditica","Callitriche hermaphroditica","macrophytes","non-mobile","green","",1829,FALSE,1,1,1.06951795306471,"RF, XGBOOST, GAM",1829,15284,"run3_macrophytes",NA,NA,0.704413412914193,0.5408,"TSS","TSS","Callitriche.hermaphroditi","macrophytes","RF,XGBOOST,GAM",3
"Callitriche.palustris","Callitriche palustris","macrophytes","non-mobile","green","",690,FALSE,1,1,1.15602121551832,"RF, XGBOOST, GAM",690,29289,"run3_macrophytes",NA,NA,0.927183932786082,0.792533333333333,"TSS","TSS","Callitriche.palustris","macrophytes","RF,XGBOOST,GAM",3
"Caltha.palustris","Caltha palustris","macrophytes","non-mobile","yellow","Should probably not occur in Denmark.",361,FALSE,1,1,1.01458924134572,"RF, XGBOOST, GAM",361,17775,"run3_macrophytes",NA,NA,0.888466947960619,0.689333333333333,"TSS","TSS","Caltha.palustris","macrophytes","RF,XGBOOST,GAM",3
"Ceramium.diaphanum","Ceramium diaphanum","macrophytes","non-mobile","yellow","Potential overprediction in southeast Baltic. Low number of positive cases (presences) in model training data.",114,FALSE,1,1,0.58711296333207,"RF, XGBOOST, GAM",114,5539,"run3_macrophytes",NA,NA,0.988628158844765,0.924333333333333,"TSS","TSS","Ceramium.diaphanum","macrophytes","RF,XGBOOST,GAM",3
"Ceramium.tenuicorne","Ceramium tenuicorne","macrophytes","non-mobile","green","",3730,FALSE,1,1,1.06433944722017,"RF, XGBOOST, GAM",3730,13174,"run3_macrophytes",NA,NA,0.793241424218222,0.552466666666667,"TSS","TSS","Ceramium.tenuicorne","macrophytes","RF,XGBOOST,GAM",3
"Ceramium.virgatum","Ceramium virgatum","macrophytes","non-mobile","green","",753,TRUE,1,1,1.19624215530025,"RF, XGBOOST, GAM",753,15598,"run3_macrophytes","DE,DK,EE,FI,LT,PL,SE","SE",0.897721599592461,0.712733333333333,"TSS","TSS","Ceramium.virgatum","macrophytes","RF,XGBOOST,GAM",3
"Ceratophyllum.demersum","Ceratophyllum demersum","macrophytes","non-mobile","green","",1990,FALSE,1,1,1.12111286083857,"RF, XGBOOST, GAM",1990,16692,"run3_macrophytes",NA,NA,0.792122987616332,0.636533333333333,"TSS","TSS","Ceratophyllum.demersum","macrophytes","RF,XGBOOST,GAM",3
"Chaetomorpha.linum","Chaetomorpha linum","macrophytes","non-mobile","green","",456,TRUE,1,1,0.997912998000781,"RF, XGBOOST, GAM",456,12938,"run3_macrophytes","DE,DK,EE,FI,LT,PL","DK",0.920896954668207,0.7604,"TSS","TSS","Chaetomorpha.linum","macrophytes","RF,XGBOOST,GAM",3
"Chaetomorpha.melagonium","Chaetomorpha melagonium","macrophytes","non-mobile","green","",2012,FALSE,1,1,0.918239673376083,"RF, XGBOOST, GAM",2012,27862,"run3_macrophytes",NA,NA,0.971667148821578,0.952933333333333,"TSS","TSS","Chaetomorpha.melagonium","macrophytes","RF,XGBOOST,GAM",3
"Chaetopteris.plumosa","Chaetopteris plumosa","macrophytes","non-mobile","red","Swedish west coast missing in predictions.",206,FALSE,1,1,0.742223632534345,"RF, XGBOOST, GAM",206,10089,"run3_macrophytes",NA,NA,0.935151925354734,0.784733333333333,"TSS","TSS","Chaetopteris.plumosa","macrophytes","RF,XGBOOST,GAM",3
"Chara.aspera","Chara aspera","macrophytes","non-mobile","green","",3132,FALSE,1,1,1.27756409472889,"RF, XGBOOST, GAM",3132,13777,"run3_macrophytes",NA,NA,0.748633272064153,0.470533333333333,"TSS","TSS","Chara.aspera","macrophytes","RF,XGBOOST,GAM",3
"Chara.baltica","Chara baltica","macrophytes","non-mobile","green","",797,FALSE,1,1,0.904865874714322,"RF, XGBOOST, GAM",797,16127,"run3_macrophytes",NA,NA,0.772510750329092,0.567333333333333,"TSS","TSS","Chara.baltica","macrophytes","XGBOOST,GAM,RF",3
"Chara.braunii","Chara braunii","macrophytes","non-mobile","green","",210,FALSE,1,1,0.689573530819681,"RF, XGBOOST, GAM",210,10404,"run3_macrophytes",NA,NA,0.982883686872154,0.888133333333333,"TSS","TSS","Chara.braunii","macrophytes","RF,XGBOOST,GAM",3
"Chara.canescens","Chara canescens","macrophytes","non-mobile","green","",422,FALSE,1,1,0.806231799721718,"RF, XGBOOST, GAM",422,16556,"run3_macrophytes",NA,NA,0.791573542736333,0.461266666666667,"TSS","TSS","Chara.canescens","macrophytes","XGBOOST,GAM",2
"Chara.connivens","Chara connivens","macrophytes","non-mobile","green","",171,FALSE,1,1,0.651663700871997,"RF, XGBOOST, GAM",171,8484,"run3_macrophytes",NA,NA,0.993164407778433,0.8502,"TSS","TSS","Chara.connivens","macrophytes","RF,XGBOOST,GAM",3
"Chara.horrida","Chara horrida","macrophytes","non-mobile","green","",280,FALSE,1,1,0.841210246417258,"RF, XGBOOST, GAM",280,12286,"run3_macrophytes",NA,NA,0.899145299145299,0.6472,"TSS","TSS","Chara.horrida","macrophytes","RF,XGBOOST,GAM",3
"Chara.tomentosa","Chara tomentosa","macrophytes","non-mobile","green","",683,FALSE,1,1,0.895349916087257,"RF, XGBOOST, GAM",683,18121,"run3_macrophytes",NA,NA,0.832333107748828,0.612266666666667,"TSS","TSS","Chara.tomentosa","macrophytes","XGBOOST,GAM,RF",3
"Chara.virgata","Chara virgata","macrophytes","non-mobile","green","",229,FALSE,1,1,0.901970874733395,"RF, XGBOOST, GAM",229,11167,"run3_macrophytes",NA,NA,0.927144220097743,0.670666666666667,"TSS","TSS","Chara.virgata","macrophytes","RF,XGBOOST,GAM",3
"Chondrus.crispus","Chondrus crispus","macrophytes","non-mobile","green","",628,FALSE,1,1,0.801511904994647,"RF, XGBOOST, GAM",628,16220,"run3_macrophytes",NA,NA,0.955365705673967,0.8398,"TSS","TSS","Chondrus.crispus","macrophytes","RF,XGBOOST,GAM",3
"Chorda.filum","Chorda filum","macrophytes","non-mobile","green","",3896,FALSE,1,1,1.06200329946147,"RF, XGBOOST, GAM",3896,14811,"run3_macrophytes",NA,NA,0.795166330212646,0.557933333333333,"TSS","TSS","Chorda.filum","macrophytes","RF,XGBOOST,GAM",3
"Chordaria.flagelliformis","Chordaria flagelliformis","macrophytes","non-mobile","green","",319,FALSE,1,1,0.764113431639141,"RF, XGBOOST, GAM",319,13172,"run3_macrophytes",NA,NA,0.950346431283219,0.6954,"TSS","TSS","Chordaria.flagelliformis","macrophytes","RF,XGBOOST,GAM",3
"Cicuta.virosa","Cicuta virosa","macrophytes","non-mobile","green","",207,FALSE,1,1,0.817671703630024,"RF, XGBOOST, GAM",207,10268,"run3_macrophytes",NA,NA,0.921471489301066,0.667666666666667,"TSS","TSS","Cicuta.virosa","macrophytes","RF,XGBOOST,GAM",3
"Cladophora.rupestris","Cladophora rupestris","macrophytes","non-mobile","green","",1046,FALSE,1,1,1.06486657943991,"RF, XGBOOST, GAM",1046,17840,"run3_macrophytes",NA,NA,0.674272373248654,0.422066666666667,"TSS","TSS","Cladophora.rupestris","macrophytes","XGBOOST,GAM",2
"Cladophora.sericea","Cladophora sericea","macrophytes","non-mobile","yellow","Potential overprediction in southeast Baltic.",261,FALSE,1,1,0.689818722208341,"RF, XGBOOST, GAM",261,12631,"run3_macrophytes",NA,NA,0.995249406175772,0.95,"TSS","TSS","Cladophora.sericea","macrophytes","RF,XGBOOST,GAM",3
"Coccotylus.Phyllophora","Coccotylus truncatus/Phyllophora pseudoceranoides","macrophytes","non-mobile","green","",2042,FALSE,1,1,1.09656484941641,"RF, XGBOOST, GAM",2042,16844,"run3_macrophytes",NA,NA,0.726995704782358,0.5138,"TSS","TSS","Coccotylus.Phyllophora","macrophytes","XGBOOST,GAM,RF",3
"Codium.fragile","Codium fragile","macrophytes","non-mobile","red","Swedish west coast missing in predictions.",159,FALSE,1,1,0.600162941681014,"RF, XGBOOST, GAM",159,7878,"run3_macrophytes",NA,NA,0.963832487309645,0.818933333333333,"TSS","TSS","Codium.fragile","macrophytes","RF,XGBOOST,GAM",3
"Colaconema.daviesii","Colaconema daviesii","macrophytes","non-mobile","green","",172,FALSE,1,1,0.486134326656659,"RF, XGBOOST, GAM",172,8540,"run3_macrophytes",NA,NA,0.995316159250585,0.941533333333333,"TSS","TSS","Colaconema.daviesii","macrophytes","RF,XGBOOST,GAM",3
"Colaconema.nemalionis","Colaconema nemalionis","macrophytes","non-mobile","yellow","Potential overprediction in southeast Baltic. Low number of positive cases (presences) in model training data.",119,FALSE,1,1,0.468171563082271,"RF, XGBOOST, GAM",119,5909,"run3_macrophytes",NA,NA,0.9917089678511,0.954333333333333,"TSS","TSS","Colaconema.nemalionis","macrophytes","RF,XGBOOST,GAM",3
"Colaconema.pectinatum","Colaconema pectinatum","macrophytes","non-mobile","yellow","Low number of positive cases (presences) in model training data.",128,FALSE,1,1,0.547089634670152,"RF, XGBOOST, GAM",128,6342,"run3_macrophytes",NA,NA,0.996056782334385,0.921333333333333,"TSS","TSS","Colaconema.pectinatum","macrophytes","RF,XGBOOST,GAM",3
"Corallina.officinalis","Corallina officinalis","macrophytes","non-mobile","green","",382,FALSE,1,1,0.765931742522452,"RF, XGBOOST, GAM",382,16166,"run3_macrophytes",NA,NA,0.966865547723314,0.824066666666667,"TSS","TSS","Corallina.officinalis","macrophytes","RF,XGBOOST,GAM",3
"Crassula.aquatica","Crassula aquatica","macrophytes","non-mobile","green","",199,FALSE,1,1,0.76358683195379,"RF, XGBOOST, GAM",199,9856,"run3_macrophytes",NA,NA,0.938820395738204,0.729066666666667,"TSS","TSS","Crassula.aquatica","macrophytes","RF,XGBOOST,GAM",3
"Cruoria.pellita","Cruoria pellita","macrophytes","non-mobile","green","",552,FALSE,1,1,0.809439511961407,"RF, XGBOOST, GAM",552,27291,"run3_macrophytes",NA,NA,0.987642493087711,0.954066666666667,"TSS","TSS","Cruoria.pellita","macrophytes","RF,XGBOOST,GAM",3
"Cystoclonium.purpureum","Cystoclonium purpureum","macrophytes","non-mobile","green","",376,FALSE,1,1,0.769256454176373,"RF, XGBOOST, GAM",376,16235,"run3_macrophytes",NA,NA,0.956466892516169,0.7552,"TSS","TSS","Cystoclonium.purpureum","macrophytes","RF,XGBOOST,GAM",3
"Dasya.baillouviana","Dasya baillouviana","macrophytes","non-mobile","yellow","Swedish west coast underpredicted.",417,FALSE,1,1,0.801227015256882,"RF, XGBOOST, GAM",417,20569,"run3_macrophytes",NA,NA,0.992902284880895,0.948733333333333,"TSS","TSS","Dasya.baillouviana","macrophytes","RF,XGBOOST,GAM",3
"Dasysiphonia.japonica","Dasysiphonia japonica","macrophytes","non-mobile","yellow","Swedish west coast missing in predictions.",339,FALSE,1,1,0.738804669777552,"RF, XGBOOST, GAM",339,16830,"run3_macrophytes",NA,NA,0.980629827688651,0.910933333333333,"TSS","TSS","Dasysiphonia.japonica","macrophytes","RF,XGBOOST,GAM",3
"Delesseria.sanguinea","Delesseria sanguinea","macrophytes","non-mobile","yellow","Potential overprediction in southeast Baltic.",505,FALSE,1,1,0.812721720867687,"RF, XGBOOST, GAM",505,16357,"run3_macrophytes",NA,NA,0.970777701432632,0.852066666666667,"TSS","TSS","Delesseria.sanguinea","macrophytes","RF,XGBOOST,GAM",3
"Derbesia.marina","Derbesia marina","macrophytes","non-mobile","yellow","Low number of positive cases (presences) in model training data.",114,FALSE,1,1,0.541845487819778,"RF, XGBOOST, GAM",114,5598,"run3_macrophytes",NA,NA,0.944642857142857,0.593066666666667,"TSS","TSS","Derbesia.marina","macrophytes","RF,GAM,XGBOOST",3
"Desmarestia.aculeata","Desmarestia aculeata","macrophytes","non-mobile","yellow","Underprediction at the Swedish west coast.",344,FALSE,1,1,0.754508942233192,"RF, XGBOOST, GAM",344,14110,"run3_macrophytes",NA,NA,0.941559588738586,0.702666666666667,"TSS","TSS","Desmarestia.aculeata","macrophytes","RF,XGBOOST,GAM",3
"Desmarestia.viridis","Desmarestia viridis","macrophytes","non-mobile","yellow","Southeast coast of Sweden underpredicted.",688,FALSE,1,1,0.978162769145436,"RF, XGBOOST, GAM",688,29171,"run3_macrophytes",NA,NA,0.96368862192147,0.9262,"TSS","TSS","Desmarestia.viridis","macrophytes","RF,XGBOOST,GAM",3
"Dictyosiphon.chordaria","Dictyosiphon chordaria","macrophytes","non-mobile","yellow","Low number of positive cases (presences) in model training data.",125,FALSE,1,1,0.705588681432936,"RF, XGBOOST, GAM",125,6200,"run3_macrophytes",NA,NA,0.920354838709677,0.625266666666667,"TSS","TSS","Dictyosiphon.chordaria","macrophytes","RF,XGBOOST,GAM",3
"Dictyosiphon.foeniculaceus","Dictyosiphon foeniculaceus","macrophytes","non-mobile","green","",708,FALSE,1,1,1.31587494220999,"RF, XGBOOST, GAM",708,28966,"run3_macrophytes",NA,NA,0.780288984033669,0.5322,"TSS","TSS","Dictyosiphon.foeniculaceu","macrophytes","XGBOOST,GAM,RF",3
"Dilsea.carnosa","Dilsea carnosa","macrophytes","non-mobile","green","",240,FALSE,1,1,0.671463942196634,"RF, XGBOOST, GAM",240,10079,"run3_macrophytes",NA,NA,0.948412698412698,0.669266666666667,"TSS","TSS","Dilsea.carnosa","macrophytes","RF,XGBOOST,GAM",3
"Dumontia.contorta","Dumontia contorta","macrophytes","non-mobile","green","",221,FALSE,1,1,0.667235393325488,"RF, XGBOOST, GAM",221,10625,"run3_macrophytes",NA,NA,0.991905882352941,0.947333333333333,"TSS","TSS","Dumontia.contorta","macrophytes","RF,XGBOOST,GAM",3
"Ectocarpus.Pylaiella","Ectocarpus siliculosus/Pylaiella littoralis","macrophytes","non-mobile","green","",4281,FALSE,1,1,1.25716149416235,"RF, XGBOOST, GAM",4281,25254,"run3_macrophytes",NA,NA,0.7542483953395,0.587,"TSS","TSS","Ectocarpus.Pylaiella","macrophytes","RF,XGBOOST,GAM",3
"Elachista.fucicola","Elachista fucicola","macrophytes","non-mobile","green","",772,FALSE,1,1,1.30701160417663,"RF, XGBOOST, GAM",772,28919,"run3_macrophytes",NA,NA,0.789223293995078,0.5986,"TSS","TSS","Elachista.fucicola","macrophytes","RF,XGBOOST,GAM",3
"Elatine.hydropiper","Elatine hydropiper","macrophytes","non-mobile","green","",376,FALSE,1,1,0.740474342240228,"RF, XGBOOST, GAM",376,16630,"run3_macrophytes",NA,NA,0.800320705552215,0.5482,"TSS","TSS","Elatine.hydropiper","macrophytes","XGBOOST,GAM",2
"Eleocharis.acicularis","Eleocharis acicularis","macrophytes","non-mobile","green","",1040,FALSE,1,1,0.894746769401762,"RF, XGBOOST, GAM",1040,15861,"run3_macrophytes",NA,NA,0.807849936948298,0.635,"TSS","TSS","Eleocharis.acicularis","macrophytes","RF,XGBOOST,GAM",3
"Eleocharis.mamillata","Eleocharis mamillata","macrophytes","non-mobile","green","",176,FALSE,1,1,0.694296766122182,"RF, XGBOOST, GAM",176,8729,"run3_macrophytes",NA,NA,0.918991981672394,0.721466666666667,"TSS","TSS","Eleocharis.mamillata","macrophytes","RF,XGBOOST,GAM",3
"Eleocharis.palustris","Eleocharis palustris","macrophytes","non-mobile","green","",554,FALSE,1,1,1.13700340807438,"RF, XGBOOST, GAM",554,26988,"run3_macrophytes",NA,NA,0.855340816919179,0.665866666666667,"TSS","TSS","Eleocharis.palustris","macrophytes","RF,XGBOOST,GAM",3
"Eleocharis.parvula","Eleocharis parvula","macrophytes","non-mobile","green","",587,FALSE,1,1,1.19367524948385,"RF, XGBOOST, GAM",587,28713,"run3_macrophytes",NA,NA,0.895253530496435,0.680733333333333,"TSS","TSS","Eleocharis.parvula","macrophytes","RF,XGBOOST,GAM",3
"Eleocharis.uniglumis","Eleocharis uniglumis","macrophytes","non-mobile","green","",636,FALSE,1,1,1.27546343055036,"RF, XGBOOST, GAM",636,29120,"run3_macrophytes",NA,NA,0.862204183611664,0.587933333333333,"TSS","TSS","Eleocharis.uniglumis","macrophytes","RF,XGBOOST,GAM",3
"Elodea.canadensis","Elodea canadensis","macrophytes","non-mobile","green","",428,FALSE,1,1,1.03514396720462,"RF, XGBOOST, GAM",428,16887,"run3_macrophytes",NA,NA,0.872201141786779,0.6174,"TSS","TSS","Elodea.canadensis","macrophytes","RF,XGBOOST,GAM",3
"Elodea.nuttallii","Elodea nuttallii","macrophytes","non-mobile","yellow","Low number of positive cases (presences) in model training data.",125,TRUE,1,1,0.712022318111526,"RF, XGBOOST, GAM",125,5614,"run3_macrophytes","DE,DK,EE,FI,LT,PL,SE","SE",0.986286731967943,0.836133333333333,"TSS","TSS","Elodea.nuttallii","macrophytes","RF,XGBOOST,GAM",3
"Epicladia.phillipsii","Epicladia phillipsii","macrophytes","non-mobile","red","Swedish west coast missing in predictions. Low number of positive cases (presences) in model training data.",106,FALSE,1,1,0.512613180279732,"RF, XGBOOST, GAM",106,5253,"run3_macrophytes",NA,NA,0.994671741198858,0.9454,"TSS","TSS","Epicladia.phillipsii","macrophytes","RF,XGBOOST,GAM",3
"Equisetum.fluviatile","Equisetum fluviatile","macrophytes","non-mobile","green","",491,FALSE,1,1,0.998547676934136,"RF, XGBOOST, GAM",491,24266,"run3_macrophytes",NA,NA,0.962246790329567,0.8578,"TSS","TSS","Equisetum.fluviatile","macrophytes","RF,XGBOOST,GAM",3
"Erythrodermis.traillii","Erythrodermis traillii","macrophytes","non-mobile","yellow","Prediction does not extend to Swedish west coast.",236,FALSE,1,1,0.657067701088058,"RF, XGBOOST, GAM",236,11704,"run3_macrophytes",NA,NA,0.995642887654848,0.9366,"TSS","TSS","Erythrodermis.traillii","macrophytes","RF,XGBOOST,GAM",3
"Erythrotrichia.carnea","Erythrotrichia carnea","macrophytes","non-mobile","green","",184,FALSE,1,1,0.53526924027337,"RF, XGBOOST, GAM",184,9120,"run3_macrophytes",NA,NA,0.98234649122807,0.911466666666667,"TSS","TSS","Erythrotrichia.carnea","macrophytes","RF,XGBOOST,GAM",3
"Eudesme.virescens","Eudesme virescens","macrophytes","non-mobile","green","",398,TRUE,1,1,1.00388304531574,"RF, XGBOOST, GAM",398,16998,"run3_macrophytes","DE,DK,EE,FI,LT,PL,SE","FI",0.832558823529412,0.467533333333333,"TSS","TSS","Eudesme.virescens","macrophytes","XGBOOST,GAM",2
"Fissidens.fontanus","Fissidens fontanus","macrophytes","non-mobile","green","",538,FALSE,1,1,0.931805691917737,"RF, XGBOOST, GAM",538,25555,"run3_macrophytes",NA,NA,0.949836952977239,0.87,"TSS","TSS","Fissidens.fontanus","macrophytes","RF,XGBOOST,GAM",3
"Fontinalis.antipyretica","Fontinalis antipyretica","macrophytes","non-mobile","green","",688,FALSE,1,1,0.851237546073066,"RF, XGBOOST, GAM",688,12653,"run3_macrophytes",NA,NA,0.787207897434136,0.503733333333333,"TSS","TSS","Fontinalis.antipyretica","macrophytes","XGBOOST,GAM,RF",3
"Fontinalis.dalecarlica","Fontinalis dalecarlica","macrophytes","non-mobile","green","",669,FALSE,1,1,1.04852906697326,"RF, XGBOOST, GAM",669,28089,"run3_macrophytes",NA,NA,0.961044722985287,0.805866666666667,"TSS","TSS","Fontinalis.dalecarlica","macrophytes","RF,XGBOOST,GAM",3
"Fontinalis.hypnoides","Fontinalis hypnoides","macrophytes","non-mobile","yellow","Low number of positive cases (presences) in model training data.",102,FALSE,1,1,0.664002589450942,"RF, XGBOOST, GAM",102,5056,"run3_macrophytes",NA,NA,0.957448071216617,0.721266666666667,"TSS","TSS","Fontinalis.hypnoides","macrophytes","RF,XGBOOST,GAM",3
"Fucus.serratus","Fucus serratus","macrophytes","non-mobile","green","",1114,FALSE,1,1,0.949403471946716,"RF, XGBOOST, GAM",1114,17648,"run3_macrophytes",NA,NA,0.919658024111079,0.779333333333333,"TSS","TSS","Fucus.serratus","macrophytes","RF,XGBOOST,GAM",3
"Fucus.vesiculosus.radicans","Fucus vesiculosus/Fucus radicans","macrophytes","non-mobile","green","",5293,TRUE,1,1,1.34171475946903,"RF, XGBOOST, GAM",5293,13286,"run3_macrophytes","DE,DK,EE,FI,LT,PL,SE","SE",0.808906578130425,0.548933333333333,"TSS","TSS","Fucus.vesiculosus.radican","macrophytes","RF,XGBOOST,GAM",3
"Furcellaria.lumbricalis","Furcellaria lumbricalis","macrophytes","non-mobile","green","",3822,FALSE,1,1,1.10301825198862,"RF, XGBOOST, GAM",3822,15005,"run3_macrophytes",NA,NA,0.792663527515261,0.5594,"TSS","TSS","Furcellaria.lumbricalis","macrophytes","RF,XGBOOST,GAM",3
"Gaillona.hookeri","Gaillona hookeri","macrophytes","non-mobile","red","Swedish west coast missing in predictions.",169,FALSE,1,1,0.603808840513229,"RF, XGBOOST, GAM",169,8370,"run3_macrophytes",NA,NA,0.996057347670251,0.956933333333333,"TSS","TSS","Gaillona.hookeri","macrophytes","RF,XGBOOST,GAM",3
"Gaillona.rosea","Gaillona rosea","macrophytes","non-mobile","green","",525,FALSE,1,1,0.867043001386854,"RF, XGBOOST, GAM",525,15942,"run3_macrophytes",NA,NA,0.777032921073072,0.427733333333333,"TSS","TSS","Gaillona.rosea","macrophytes","XGBOOST,GAM",2
"Grania.efflorescens","Grania efflorescens","macrophytes","non-mobile","red","Swedish west coast missing in predictions and potential overprediction in southeast Baltic. Low number of positive cases (presences) in model training data.",124,FALSE,1,1,0.585897432764371,"RF, XGBOOST, GAM",124,6140,"run3_macrophytes",NA,NA,0.992833876221498,0.903933333333333,"TSS","TSS","Grania.efflorescens","macrophytes","RF,XGBOOST,GAM",3
"Haemescharia.hennedyi","Haemescharia hennedyi","macrophytes","non-mobile","red","Swedish west coast missing in predictions.",156,FALSE,1,1,0.519619597792625,"RF, XGBOOST, GAM",156,7725,"run3_macrophytes",NA,NA,0.998705501618123,0.935066666666667,"TSS","TSS","Haemescharia.hennedyi","macrophytes","RF,XGBOOST,GAM",3
"Halidrys.siliquosa","Halidrys siliquosa","macrophytes","non-mobile","green","",504,FALSE,1,1,0.754951473077138,"RF, XGBOOST, GAM",504,16448,"run3_macrophytes",NA,NA,0.967545818411628,0.84,"TSS","TSS","Halidrys.siliquosa","macrophytes","RF,XGBOOST,GAM",3
"Halosiphon.tomentosus","Halosiphon tomentosus","macrophytes","non-mobile","yellow","Swedish west coast underpredicted.",178,TRUE,1,1,0.863211755818791,"RF, XGBOOST, GAM",178,8816,"run3_macrophytes","DE,DK,EE,FI,PL,SE","SE",0.978332387975043,0.8124,"TSS","TSS","Halosiphon.tomentosus","macrophytes","RF,XGBOOST,GAM",3
"Heterosiphonia.plumosa","Heterosiphonia plumosa","macrophytes","non-mobile","yellow","Low number of positive cases (presences) in model training data.",115,FALSE,1,1,0.574049901697371,"RF, XGBOOST, GAM",115,5606,"run3_macrophytes",NA,NA,0.970383586083854,0.671,"TSS","TSS","Heterosiphonia.plumosa","macrophytes","RF,XGBOOST,GAM",3
"Hildenbrandia.rubra","Hildenbrandia rubra","macrophytes","non-mobile","red","Should occur in the southern Baltic also.",2030,FALSE,1,1,0.97712737414572,"RF, XGBOOST, GAM",2030,14701,"run3_macrophytes",NA,NA,0.632420830401126,0.449,"TSS","TSS","Hildenbrandia.rubra","macrophytes","XGBOOST,GAM",2
"Hippuris.tetraphylla","Hippuris tetraphylla","macrophytes","non-mobile","green","",229,FALSE,1,1,0.687283875279956,"RF, XGBOOST, GAM",229,11359,"run3_macrophytes",NA,NA,0.997887323943662,0.930333333333333,"TSS","TSS","Hippuris.tetraphylla","macrophytes","RF,XGBOOST,GAM",3
"Hippuris.vulgaris","Hippuris vulgaris","macrophytes","non-mobile","green","",483,FALSE,1,1,0.800257431930966,"RF, XGBOOST, GAM",483,16831,"run3_macrophytes",NA,NA,0.726932147429419,0.5214,"TSS","TSS","Hippuris.vulgaris","macrophytes","XGBOOST,GAM",2
"Juncus.gerardii","Juncus gerardii","macrophytes","non-mobile","green","",530,FALSE,1,1,1.22311639613575,"RF, XGBOOST, GAM",530,25799,"run3_macrophytes",NA,NA,0.908329676758812,0.587133333333333,"TSS","TSS","Juncus.gerardii","macrophytes","RF,XGBOOST,GAM",3
"Laminaria.digitata","Laminaria digitata","macrophytes","non-mobile","green","",637,FALSE,1,1,0.762469135257933,"RF, XGBOOST, GAM",637,18162,"run3_macrophytes",NA,NA,0.962082018106768,0.839066666666667,"TSS","TSS","Laminaria.digitata","macrophytes","RF,XGBOOST,GAM",3
"Laminaria.hyperborea","Laminaria hyperborea","macrophytes","non-mobile","yellow","Swedish west coast potentially underpredicted.",730,FALSE,1,1,0.828257009188334,"RF, XGBOOST, GAM",730,29193,"run3_macrophytes",NA,NA,0.993081476233264,0.975333333333333,"TSS","TSS","Laminaria.hyperborea","macrophytes","RF,XGBOOST,GAM",3
"Leathesia.marina","Leathesia marina","macrophytes","non-mobile","yellow","Some overprediction in southeast Balti and possible underprediction in Swedish west coast.",647,FALSE,1,1,1.2987955744399,"RF, XGBOOST, GAM",647,29149,"run3_macrophytes",NA,NA,0.93287326977542,0.732533333333333,"TSS","TSS","Leathesia.marina","macrophytes","RF,XGBOOST,GAM",3
"Lemna.minor","Lemna minor","macrophytes","non-mobile","yellow","Swedish west coast prediction probably overestimated and model artefact.",340,FALSE,1,1,1.0083409608735,"RF, XGBOOST, GAM",340,16501,"run3_macrophytes",NA,NA,0.969629233511586,0.650866666666667,"TSS","TSS","Lemna.minor","macrophytes","RF,XGBOOST,GAM",3
"Lemna.trisulca","Lemna trisulca","macrophytes","non-mobile","green","",717,FALSE,1,1,0.808992838329739,"RF, XGBOOST, GAM",717,16402,"run3_macrophytes",NA,NA,0.722424953095685,0.4906,"TSS","TSS","Lemna.trisulca","macrophytes","XGBOOST,GAM",2
"Limosella.aquatica","Limosella aquatica","macrophytes","non-mobile","green","",636,FALSE,1,1,1.17183147278097,"RF, XGBOOST, GAM",636,28924,"run3_macrophytes",NA,NA,0.88286295673715,0.752333333333333,"TSS","TSS","Limosella.aquatica","macrophytes","RF,XGBOOST,GAM",3
"Lithothamnion.glaciale","Lithothamnion glaciale","macrophytes","non-mobile","yellow","Some underprediction in Swedish west coast.",386,FALSE,1,1,0.796426827245288,"RF, XGBOOST, GAM",386,18922,"run3_macrophytes",NA,NA,0.993710359408034,0.949333333333333,"TSS","TSS","Lithothamnion.glaciale","macrophytes","RF,XGBOOST,GAM",3
"Lomentaria.clavellosa","Lomentaria clavellosa","macrophytes","non-mobile","yellow","Some underprediction in Swedish west coast.",391,FALSE,1,1,0.796976613336139,"RF, XGBOOST, GAM",391,18887,"run3_macrophytes",NA,NA,0.971519928311032,0.901866666666667,"TSS","TSS","Lomentaria.clavellosa","macrophytes","RF,XGBOOST,GAM",3
"Meiodiscus.spetsbergensis","Meiodiscus spetsbergensis","macrophytes","non-mobile","red","Swedish west coast missing in predictions.",189,FALSE,1,1,0.661985719998678,"RF, XGBOOST, GAM",189,9362,"run3_macrophytes",NA,NA,0.995833333333333,0.970466666666667,"TSS","TSS","Meiodiscus.spetsbergensis","macrophytes","RF,XGBOOST,GAM",3
"Melobesia.membranacea","Melobesia membranacea","macrophytes","non-mobile","green","",189,FALSE,1,1,0.662943103379673,"RF, XGBOOST, GAM",189,9045,"run3_macrophytes",NA,NA,0.979744552093335,0.900466666666667,"TSS","TSS","Melobesia.membranacea","macrophytes","RF,XGBOOST,GAM",3
"Membranoptera.alata","Membranoptera alata","macrophytes","non-mobile","green","",474,FALSE,1,1,0.786340338057942,"RF, XGBOOST, GAM",474,16380,"run3_macrophytes",NA,NA,0.958822697770066,0.767466666666667,"TSS","TSS","Membranoptera.alata","macrophytes","RF,XGBOOST,GAM",3
"Mesogloia.vermiculata","Mesogloia vermiculata","macrophytes","non-mobile","yellow","Low number of positive cases (presences) in model training data.",35,FALSE,1,1,0.489829096992811,"RF, XGBOOST, GAM",35,1735,"run3_macrophytes",NA,NA,0.956195965417867,0.4474,"TSS","TSS","Mesogloia.vermiculata","macrophytes","RF,XGBOOST,GAM",3
"Monostroma.balticum","Monostroma balticum","macrophytes","non-mobile","green","",331,FALSE,1,1,0.79733384244971806,"RF, XGBOOST, GAM",331,16457,"run3_macrophytes",NA,NA,0.821651335598464,0.4732,"TSS","TSS","Monostroma.balticum","macrophytes","XGBOOST,GAM",2
"Myriophyllum.alterniflorum","Myriophyllum alterniflorum","macrophytes","non-mobile","yellow","Higher occurrence in Swedish side of Bothnian Bay.",363,FALSE,1,1,0.826538711653815,"RF, XGBOOST, GAM",363,16316,"run3_macrophytes",NA,NA,0.803134354048506,0.461866666666667,"TSS","TSS","Myriophyllum.alternifloru","macrophytes","XGBOOST,GAM",2
"Myriophyllum.sibiricum","Myriophyllum sibiricum","macrophytes","non-mobile","green","",1670,FALSE,1,1,1.29047324829631,"RF, XGBOOST, GAM",1670,28108,"run3_macrophytes",NA,NA,0.769343064138532,0.6078,"TSS","TSS","Myriophyllum.sibiricum","macrophytes","RF,XGBOOST,GAM",3
"Myriophyllum.spicatum","Myriophyllum spicatum","macrophytes","non-mobile","green","",3633,FALSE,1,1,1.2791083177593,"RF, XGBOOST, GAM",3633,13455,"run3_macrophytes",NA,NA,0.741594300017839,0.554933333333333,"TSS","TSS","Myriophyllum.spicatum","macrophytes","RF,XGBOOST,GAM",3
"Myriophyllum.verticillatum","Myriophyllum verticillatum","macrophytes","non-mobile","green","",702,FALSE,1,1,1.19108650697602,"RF, XGBOOST, GAM",702,28907,"run3_macrophytes",NA,NA,0.912603355820792,0.777466666666667,"TSS","TSS","Myriophyllum.verticillatu","macrophytes","RF,XGBOOST,GAM",3
"Najas.marina","Najas marina","macrophytes","non-mobile","green","",1907,FALSE,1,1,1.09247268776099,"RF, XGBOOST, GAM",1907,15396,"run3_macrophytes",NA,NA,0.836022194205263,0.694133333333333,"TSS","TSS","Najas.marina","macrophytes","RF,XGBOOST,GAM",3
"Nemalion.multifidum","Nemalion multifidum","macrophytes","non-mobile","green","",236,FALSE,1,1,0.729172144465976,"RF, XGBOOST, GAM",236,11704,"run3_macrophytes",NA,NA,0.977787270397266,0.912266666666667,"TSS","TSS","Nemalion.multifidum","macrophytes","RF,XGBOOST,GAM",3
"Nitella.flexilis","Nitella flexilis","macrophytes","non-mobile","yellow","Low number of positive cases (presences) in model training data.",126,FALSE,1,1,0.574207131928868,"RF, XGBOOST, GAM",126,5872,"run3_macrophytes",NA,NA,0.782841567291312,0.402266666666667,"TSS","TSS","Nitella.flexilis","macrophytes","GAM,XGBOOST",2
"Nitella.wahlbergiana","Nitella wahlbergiana","macrophytes","non-mobile","green","",221,FALSE,1,1,0.68939541776975,"RF, XGBOOST, GAM",221,10944,"run3_macrophytes",NA,NA,0.969438099588853,0.825066666666667,"TSS","TSS","Nitella.wahlbergiana","macrophytes","RF,XGBOOST,GAM",3
"Nitellopsis.obtusa","Nitellopsis obtusa","macrophytes","non-mobile","yellow","Low number of positive cases (presences) in model training data.",136,FALSE,1,1,0.568321314718988,"RF, XGBOOST, GAM",136,6732,"run3_macrophytes",NA,NA,0.953475317814099,0.872333333333333,"TSS","TSS","Nitellopsis.obtusa","macrophytes","RF,XGBOOST,GAM",3
"Nuphar.lutea","Nuphar lutea","macrophytes","non-mobile","green","",545,FALSE,1,1,0.883008800546328,"RF, XGBOOST, GAM",545,16257,"run3_macrophytes",NA,NA,0.933839975843706,0.789533333333333,"TSS","TSS","Nuphar.lutea","macrophytes","RF,XGBOOST,GAM",3
"Nymphaea.alba","Nymphaea alba","macrophytes","non-mobile","green","",902,FALSE,1,1,1.07476303663519,"RF, XGBOOST, GAM",902,28528,"run3_macrophytes",NA,NA,0.943571678934455,0.871933333333333,"TSS","TSS","Nymphaea.alba","macrophytes","RF,XGBOOST,GAM",3
"Odonthalia.dentata","Odonthalia dentata","macrophytes","non-mobile","green","",793,FALSE,1,1,0.812265484995312,"RF, XGBOOST, GAM",793,29033,"run3_macrophytes",NA,NA,0.982312173661586,0.952066666666667,"TSS","TSS","Odonthalia.dentata","macrophytes","RF,XGBOOST,GAM",3
"Palmaria.palmata","Palmaria palmata","macrophytes","non-mobile","green","",392,FALSE,1,1,0.785633791155285,"RF, XGBOOST, GAM",392,19233,"run3_macrophytes",NA,NA,0.976276552491785,0.9212,"TSS","TSS","Palmaria.palmata","macrophytes","RF,XGBOOST,GAM",3
"Persicaria.foliosa","Persicaria foliosa","macrophytes","non-mobile","yellow","Low number of positive cases (presences) in model training data.",132,FALSE,1,1,0.504434963597192,"RF, XGBOOST, GAM",132,6552,"run3_macrophytes",NA,NA,0.986564885496183,0.7942,"TSS","TSS","Persicaria.foliosa","macrophytes","RF,XGBOOST,GAM",3
"Peyssonnelia.dubyi","Peyssonnelia dubyi","macrophytes","non-mobile","green","",151,FALSE,1,1,0.530431808034579,"RF, XGBOOST, GAM",151,7488,"run3_macrophytes",NA,NA,0.996261682242991,0.923133333333333,"TSS","TSS","Peyssonnelia.dubyi","macrophytes","RF,XGBOOST,GAM",3
"Phragmites.australis","Phragmites australis","macrophytes","non-mobile","green","",2151,FALSE,1,1,1.36582703530788,"RF, XGBOOST, GAM",2151,27538,"run3_macrophytes",NA,NA,0.753606762257013,0.629133333333333,"TSS","TSS","Phragmites.australis","macrophytes","RF,XGBOOST,GAM",3
"Phycodrys.rubens","Phycodrys rubens","macrophytes","non-mobile","green","",414,FALSE,1,1,0.769515992270576,"RF, XGBOOST, GAM",414,16191,"run3_macrophytes",NA,NA,0.96565483676522,0.791,"TSS","TSS","Phycodrys.rubens","macrophytes","RF,XGBOOST,GAM",3
"Phyllophora.crispa","Phyllophora crispa","macrophytes","non-mobile","yellow","Low number of positive cases (presences) in model training data.",136,FALSE,1,1,0.563920992480384,"RF, XGBOOST, GAM",136,6627,"run3_macrophytes",NA,NA,0.995018867924528,0.913533333333333,"TSS","TSS","Phyllophora.crispa","macrophytes","RF,XGBOOST,GAM",3
"Plagiospora.gracilis","Plagiospora gracilis","macrophytes","non-mobile","green","",186,FALSE,1,1,0.652679153614574,"RF, XGBOOST, GAM",186,8886,"run3_macrophytes",NA,NA,0.98458075407991,0.9138,"TSS","TSS","Plagiospora.gracilis","macrophytes","RF,XGBOOST,GAM",3
"Plumaria.plumosa","Plumaria plumosa","macrophytes","non-mobile","green","",576,FALSE,1,1,0.75782004389498,"RF, XGBOOST, GAM",576,28495,"run3_macrophytes",NA,NA,0.980074307468129,0.937733333333333,"TSS","TSS","Plumaria.plumosa","macrophytes","RF,XGBOOST,GAM",3
"Polyides.rotunda","Polyides rotunda","macrophytes","non-mobile","green","",332,FALSE,1,1,0.81429178416729,"RF, XGBOOST, GAM",332,14252,"run3_macrophytes",NA,NA,0.909365231259968,0.665466666666667,"TSS","TSS","Polyides.rotunda","macrophytes","RF,XGBOOST,GAM",3
"Polysiphonia.elongata","Polysiphonia elongata","macrophytes","non-mobile","green","",396,FALSE,1,1,0.772153491112921,"RF, XGBOOST, GAM",396,19263,"run3_macrophytes",NA,NA,0.995691668829484,0.947133333333333,"TSS","TSS","Polysiphonia.elongata","macrophytes","RF,XGBOOST,GAM",3
"Polysiphonia.fibrillosa","Polysiphonia fibrillosa","macrophytes","non-mobile","red","Predicted occurrences (mostly in Finland) biogeograpically unrealistic.",578,FALSE,1,1,0.847276234494315,"RF, XGBOOST, GAM",578,16026,"run3_macrophytes",NA,NA,0.861117865404271,0.4946,"TSS","TSS","Polysiphonia.fibrillosa","macrophytes","XGBOOST,GAM",2
"Polysiphonia.stricta","Polysiphonia stricta","macrophytes","non-mobile","green","",1951,FALSE,1,1,1.03124656531546,"RF, XGBOOST, GAM",1951,27812,"run3_macrophytes",NA,NA,0.959431859043509,0.939666666666667,"TSS","TSS","Polysiphonia.stricta","macrophytes","RF,XGBOOST,GAM",3
"Potamogeton.berchtoldii","Potamogeton berchtoldii","macrophytes","non-mobile","green","",757,FALSE,1,1,1.22548225634628,"RF, XGBOOST, GAM",757,28893,"run3_macrophytes",NA,NA,0.86885950386705,0.6994,"TSS","TSS","Potamogeton.berchtoldii","macrophytes","RF,XGBOOST,GAM",3
"Potamogeton.crispus","Potamogeton crispus","macrophytes","non-mobile","yellow","Low number of positive cases (presences) in model training data.",73,FALSE,1,1,0.610563035541111,"RF, XGBOOST, GAM",73,3506,"run3_macrophytes",NA,NA,0.771602472658108,0.461266666666667,"TSS","TSS","Potamogeton.crispus","macrophytes","RF,XGBOOST,GAM",3
"Potamogeton.friesii","Potamogeton friesii","macrophytes","non-mobile","green","",374,FALSE,1,1,0.929734714693493,"RF, XGBOOST, GAM",374,18437,"run3_macrophytes",NA,NA,0.946859777596962,0.771466666666667,"TSS","TSS","Potamogeton.friesii","macrophytes","RF,XGBOOST,GAM",3
"Potamogeton.gramineus","Potamogeton gramineus","macrophytes","non-mobile","green","",415,FALSE,1,1,0.812267623345057,"RF, XGBOOST, GAM",415,16413,"run3_macrophytes",NA,NA,0.851472903493352,0.6158,"TSS","TSS","Potamogeton.gramineus","macrophytes","XGBOOST,GAM,RF",3
"Potamogeton.natans","Potamogeton natans","macrophytes","non-mobile","green","",627,FALSE,1,1,1.05795709139771,"RF, XGBOOST, GAM",627,29221,"run3_macrophytes",NA,NA,0.956013689253936,0.863,"TSS","TSS","Potamogeton.natans","macrophytes","RF,XGBOOST,GAM",3
"Potamogeton.obtusifolius","Potamogeton obtusifolius","macrophytes","non-mobile","green","",322,FALSE,1,1,0.936288296646542,"RF, XGBOOST, GAM",322,15731,"run3_macrophytes",NA,NA,0.940420375079466,0.797066666666667,"TSS","TSS","Potamogeton.obtusifolius","macrophytes","RF,XGBOOST,GAM",3
"Potamogeton.perfoliatus","Potamogeton perfoliatus","macrophytes","non-mobile","green","",5977,FALSE,1,1,1.06573675413926,"RF, XGBOOST, GAM",5977,11466,"run3_macrophytes",NA,NA,0.78424471786974,0.5072,"TSS","TSS","Potamogeton.perfoliatus","macrophytes","RF,XGBOOST,GAM",3
"Potamogeton.praelongus","Potamogeton praelongus","macrophytes","non-mobile","yellow","Low number of positive cases (presences) in model training data.",78,FALSE,1,1,0.62394015332063,"RF, XGBOOST, GAM",78,3742,"run3_macrophytes",NA,NA,0.950133689839572,0.629266666666667,"TSS","TSS","Potamogeton.praelongus","macrophytes","RF,XGBOOST,GAM",3
"Potamogeton.pusillus","Potamogeton pusillus","macrophytes","non-mobile","green","",1057,FALSE,1,1,1.15949132892821,"RF, XGBOOST, GAM",1057,28721,"run3_macrophytes",NA,NA,0.754598245521393,0.6038,"TSS","TSS","Potamogeton.pusillus","macrophytes","RF,XGBOOST,GAM",3
"Pterothamnion.plumula","Pterothamnion plumula","macrophytes","non-mobile","green","",338,FALSE,1,1,0.760007965829637,"RF, XGBOOST, GAM",338,14852,"run3_macrophytes",NA,NA,0.942980788274906,0.741333333333333,"TSS","TSS","Pterothamnion.plumula","macrophytes","RF,XGBOOST,GAM",3
"Ptilota.gunneri","Ptilota gunneri","macrophytes","non-mobile","green","",182,FALSE,1,1,0.589363080329365,"RF, XGBOOST, GAM",182,9030,"run3_macrophytes",NA,NA,0.991583610188261,0.9548,"TSS","TSS","Ptilota.gunneri","macrophytes","RF,XGBOOST,GAM",3
"Ranunculus.aquatilis","Ranunculus aquatilis","macrophytes","non-mobile","yellow","Occurrence predictions mostly in Finland due to input data. Probably does not reflect the true geographic distribution.",466,FALSE,1,1,0.875198319488102,"RF, XGBOOST, GAM",466,16443,"run3_macrophytes",NA,NA,0.8790709991271,0.668266666666667,"TSS","TSS","Ranunculus.aquatilis","macrophytes","RF,XGBOOST,GAM",3
"Ranunculus.peltatus.peltatus","Ranunculus peltatus peltatus","macrophytes","non-mobile","green","",482,TRUE,1,1,0.901725023322635,"RF, XGBOOST, GAM",482,16373,"run3_macrophytes","DE,DK,EE,FI,LT,PL,SE","FI",0.695595419847328,0.442733333333333,"TSS","TSS","Ranunculus.peltatus.pelta","macrophytes","XGBOOST,GAM",2
"Ranunculus.reptans","Ranunculus reptans","macrophytes","non-mobile","green","",331,FALSE,1,1,0.841506194737222,"RF, XGBOOST, GAM",331,16148,"run3_macrophytes",NA,NA,0.92282390468149,0.791133333333333,"TSS","TSS","Ranunculus.reptans","macrophytes","RF,XGBOOST,GAM",3
"Rhizoclonium.riparium","Rhizoclonium riparium","macrophytes","non-mobile","green","",153,FALSE,1,1,0.623605367475086,"RF, XGBOOST, GAM",153,7575,"run3_macrophytes",NA,NA,0.955809645480677,0.849733333333333,"TSS","TSS","Rhizoclonium.riparium","macrophytes","RF,XGBOOST,GAM",3
"Rhodochorton.purpureum","Rhodochorton purpureum","macrophytes","non-mobile","green","",454,FALSE,1,1,0.948581374751197,"RF, XGBOOST, GAM",454,16399,"run3_macrophytes",NA,NA,0.748903779147682,0.445666666666667,"TSS","TSS","Rhodochorton.purpureum","macrophytes","XGBOOST,GAM",2
"Rhodomela.confervoides","Rhodomela confervoides","macrophytes","non-mobile","green","",1367,FALSE,1,1,1.09722601413727,"RF, XGBOOST, GAM",1367,15630,"run3_macrophytes",NA,NA,0.815309386710538,0.596933333333333,"TSS","TSS","Rhodomela.confervoides","macrophytes","RF,XGBOOST,GAM",3
"Rhodophyllis.divaricata","Rhodophyllis divaricata","macrophytes","non-mobile","green","",164,FALSE,1,1,0.566620468894641,"RF, XGBOOST, GAM",164,8127,"run3_macrophytes",NA,NA,0.994707692307692,0.937933333333333,"TSS","TSS","Rhodophyllis.divaricata","macrophytes","RF,XGBOOST,GAM",3
"Rubrointrusa.membranacea","Rubrointrusa membranacea","macrophytes","non-mobile","green","",272,FALSE,1,1,0.706684591107898,"RF, XGBOOST, GAM",272,13141,"run3_macrophytes",NA,NA,0.961111111111111,0.9206,"TSS","TSS","Rubrointrusa.membranacea","macrophytes","RF,XGBOOST,GAM",3
"Ruppia.cirrhosa","Ruppia cirrhosa","macrophytes","non-mobile","green","",753,FALSE,1,1,1.22779877947436,"RF, XGBOOST, GAM",753,28681,"run3_macrophytes",NA,NA,0.928116138804991,0.810666666666667,"TSS","TSS","Ruppia.cirrhosa","macrophytes","RF,XGBOOST,GAM",3
"Ruppia.maritima","Ruppia maritima","macrophytes","non-mobile","green","",3067,TRUE,1,1,1.81876656419701,"RF, XGBOOST, GAM",3067,26865,"run3_macrophytes","DE,DK,EE,FI,LT,PL,SE","SE",0.850912407484829,0.709933333333333,"TSS","TSS","Ruppia.maritima","macrophytes","RF,XGBOOST,GAM",3
"Saccharina.latissima","Saccharina latissima","macrophytes","non-mobile","green","",842,FALSE,1,1,0.803017703294754,"RF, XGBOOST, GAM",842,15822,"run3_macrophytes",NA,NA,0.96472819216182,0.877733333333333,"TSS","TSS","Saccharina.latissima","macrophytes","RF,XGBOOST,GAM",3
"Sagittaria.natans","Sagittaria natans","macrophytes","non-mobile","yellow","Low number of positive cases (presences) in model training data.",143,FALSE,1,1,0.646475763585832,"RF, XGBOOST, GAM",143,7084,"run3_macrophytes",NA,NA,0.951544058598788,0.784,"TSS","TSS","Sagittaria.natans","macrophytes","RF,XGBOOST,GAM",3
"Sagittaria.sagittifolia","Sagittaria sagittifolia","macrophytes","non-mobile","green","",360,FALSE,1,1,0.87634458720684,"RF, XGBOOST, GAM",360,17877,"run3_macrophytes",NA,NA,0.936719502719503,0.8036,"TSS","TSS","Sagittaria.sagittifolia","macrophytes","RF,XGBOOST,GAM",3
"Sargassum.muticum","Sargassum muticum","macrophytes","non-mobile","green","",255,FALSE,1,1,0.728453675773409,"RF, XGBOOST, GAM",255,11262,"run3_macrophytes",NA,NA,0.952183679866263,0.7926,"TSS","TSS","Sargassum.muticum","macrophytes","RF,XGBOOST,GAM",3
"Scagelothamnion.pusillum","Scagelothamnion pusillum","macrophytes","non-mobile","yellow","Swedish west coast missing in predictions.",161,FALSE,1,1,0.605388885272874,"RF, XGBOOST, GAM",161,7982,"run3_macrophytes",NA,NA,0.970488721804511,0.914933333333333,"TSS","TSS","Scagelothamnion.pusillum","macrophytes","RF,XGBOOST,GAM",3
"Schoenoplectus.lacustris","Schoenoplectus lacustris","macrophytes","non-mobile","green","",357,FALSE,1,1,0.923316322763761,"RF, XGBOOST, GAM",357,17095,"run3_macrophytes",NA,NA,0.922679805066138,0.683,"TSS","TSS","Schoenoplectus.lacustris","macrophytes","RF,XGBOOST,GAM",3
"Schoenoplectus.tabernaemontani","Schoenoplectus tabernaemontani","macrophytes","non-mobile","green","",919,FALSE,1,1,0.846888659463988,"RF, XGBOOST, GAM",919,15687,"run3_macrophytes",NA,NA,0.65424422391928,0.452333333333333,"TSS","TSS","Schoenoplectus.tabernaemo","macrophytes","XGBOOST,GAM",2
"Scytosiphon.lomentaria","Scytosiphon lomentaria","macrophytes","non-mobile","yellow","Low number of positive cases (presences) in model training data.",122,FALSE,1,1,0.66800991528564,"RF, XGBOOST, GAM",122,6040,"run3_macrophytes",NA,NA,0.933278145695364,0.7456,"TSS","TSS","Scytosiphon.lomentaria","macrophytes","RF,XGBOOST,GAM",3
"Sparganium.emersum","Sparganium emersum","macrophytes","non-mobile","green","",157,FALSE,1,1,0.709496912558873,"RF, XGBOOST, GAM",157,7775,"run3_macrophytes",NA,NA,0.942188569650451,0.7302,"TSS","TSS","Sparganium.emersum","macrophytes","RF,XGBOOST,GAM",3
"Spermatochnus.paradoxus","Spermatochnus paradoxus","macrophytes","non-mobile","yellow","Low number of positive cases (presences) in model training data.",93,FALSE,1,1,0.576754773656527,"RF, XGBOOST, GAM",93,4451,"run3_macrophytes",NA,NA,0.970112359550562,0.610333333333333,"TSS","TSS","Spermatochnus.paradoxus","macrophytes","RF,XGBOOST,GAM",3
"Spermothamnion.repens","Spermothamnion repens","macrophytes","non-mobile","green","",386,TRUE,1,1,0.847848828898536,"RF, XGBOOST, GAM",386,12929,"run3_macrophytes","DE,DK,EE,FI,LT,PL","DK",0.989481825212684,0.8164,"TSS","TSS","Spermothamnion.repens","macrophytes","RF,XGBOOST,GAM",3
"Sphacelaria.cirrosa","Sphacelaria cirrosa","macrophytes","non-mobile","green","",441,FALSE,1,1,0.819132097760836,"RF, XGBOOST, GAM",441,16191,"run3_macrophytes",NA,NA,0.95719720366107,0.767333333333333,"TSS","TSS","Sphacelaria.cirrosa","macrophytes","RF,XGBOOST,GAM",3
"Sphaceloderma.caespitulum","Sphaceloderma caespitulum","macrophytes","non-mobile","green","",388,FALSE,1,1,0.765839026967684,"RF, XGBOOST, GAM",388,18933,"run3_macrophytes",NA,NA,0.982994454713493,0.938733333333333,"TSS","TSS","Sphaceloderma.caespitulum","macrophytes","RF,XGBOOST,GAM",3
"Sphaerotrichia.divaricata","Sphaerotrichia divaricata","macrophytes","non-mobile","green","",183,FALSE,1,1,0.541145349144936,"RF, XGBOOST, GAM",183,8745,"run3_macrophytes",NA,NA,0.98399085191538,0.904133333333333,"TSS","TSS","Sphaerotrichia.divaricata","macrophytes","RF,XGBOOST,GAM",3
"Spongomorpha.aeruginosa","Spongomorpha aeruginosa","macrophytes","non-mobile","yellow","Low number of positive cases (presences) in model training data.",146,TRUE,1,1,0.782620469397969,"RF, XGBOOST, GAM",146,6541,"run3_macrophytes","DE,DK,EE,FI,LT,PL,SE","SE",0.811198987662132,0.453533333333333,"TSS","TSS","Spongomorpha.aeruginosa","macrophytes","XGBOOST,GAM",2
"Spongonema.tomentosum","Spongonema tomentosum","macrophytes","non-mobile","yellow","Swedish west coast potentially underpredicted. Low number of positive cases (presences) in model training data.",84,TRUE,1,1,0.664796593851513,"RF, XGBOOST, GAM",84,4160,"run3_macrophytes","DE,DK,EE,FI,PL,SE","DK",0.995913461538461,0.8402,"TSS","TSS","Spongonema.tomentosum","macrophytes","RF,XGBOOST,GAM",3
"Stictyosiphon.tortilis","Stictyosiphon tortilis","macrophytes","non-mobile","green","",2493,TRUE,1,1,1.89604910108778,"RF, XGBOOST, GAM",2493,27226,"run3_macrophytes","DE,DK,EE,FI,LT,PL,SE","SE",0.848312676776878,0.641,"TSS","TSS","Stictyosiphon.tortilis","macrophytes","RF,XGBOOST,GAM",3
"Stuckenia.pectinata","Stuckenia pectinata","macrophytes","non-mobile","green","",6775,FALSE,1,1,1.14645671751764,"RF, XGBOOST, GAM",6775,10507,"run3_macrophytes",NA,NA,0.73424617692155,0.560333333333333,"TSS","TSS","Stuckenia.pectinata","macrophytes","RF,XGBOOST,GAM",3
"Stuckenia.vaginata","Stuckenia vaginata","macrophytes","non-mobile","yellow","Low number of positive cases (presences) in model training data.",120,FALSE,1,1,0.601020604968071,"RF, XGBOOST, GAM",120,5947,"run3_macrophytes",NA,NA,0.976191477432016,0.7524,"TSS","TSS","Stuckenia.vaginata","macrophytes","RF,XGBOOST,GAM",3
"Subularia.aquatica","Subularia aquatica","macrophytes","non-mobile","green","",717,FALSE,1,1,0.753188546432389,"RF, XGBOOST, GAM",717,16061,"run3_macrophytes",NA,NA,0.819853434236996,0.6106,"TSS","TSS","Subularia.aquatica","macrophytes","XGBOOST,GAM,RF",3
"Triglochin.maritima","Triglochin maritima","macrophytes","non-mobile","green","",446,FALSE,1,1,1.18640457689762,"RF, XGBOOST, GAM",446,21845,"run3_macrophytes",NA,NA,0.880901962498811,0.5248,"TSS","TSS","Triglochin.maritima","macrophytes","RF,XGBOOST,GAM",3
"Typha.angustifolia","Typha angustifolia","macrophytes","non-mobile","green","",246,FALSE,1,1,0.895332129730119,"RF, XGBOOST, GAM",246,12200,"run3_macrophytes",NA,NA,0.927756774841084,0.727333333333333,"TSS","TSS","Typha.angustifolia","macrophytes","RF,XGBOOST,GAM",3
"Typha.latifolia","Typha latifolia","macrophytes","non-mobile","green","",364,FALSE,1,1,1.04554095056322,"RF, XGBOOST, GAM",364,17914,"run3_macrophytes",NA,NA,0.894595865559969,0.679866666666667,"TSS","TSS","Typha.latifolia","macrophytes","RF,XGBOOST,GAM",3
"Ulothrix.zonata","Ulothrix zonata","macrophytes","non-mobile","green","",233,FALSE,1,1,0.886708029707273,"RF, XGBOOST, GAM",233,11552,"run3_macrophytes",NA,NA,0.895750207239569,0.699,"TSS","TSS","Ulothrix.zonata","macrophytes","RF,XGBOOST,GAM",3
"Ulva.lactuca","Ulva lactuca","macrophytes","non-mobile","green","",224,FALSE,1,1,0.855689219964875,"RF, XGBOOST, GAM",224,10959,"run3_macrophytes",NA,NA,0.954758718572587,0.795666666666667,"TSS","TSS","Ulva.lactuca","macrophytes","RF,XGBOOST,GAM",3
"Ulva.linza","Ulva linza","macrophytes","non-mobile","yellow","Low number of positive cases (presences) in model training data.",93,FALSE,1,1,0.612617626123958,"RF, XGBOOST, GAM",93,4605,"run3_macrophytes",NA,NA,0.958420481170353,0.697866666666667,"TSS","TSS","Ulva.linza","macrophytes","RF,XGBOOST,GAM",3
"Ulva.prolifera","Ulva prolifera","macrophytes","non-mobile","yellow","Potential underprediction at Swedish east coast Baltic Proper.",359,FALSE,1,1,0.857713024417559,"RF, XGBOOST, GAM",359,17473,"run3_macrophytes",NA,NA,0.946938483547926,0.835,"TSS","TSS","Ulva.prolifera","macrophytes","RF,XGBOOST,GAM",3
"Urospora.penicilliformis","Urospora penicilliformis","macrophytes","non-mobile","yellow","High occurrence at Estonia probably a model artefact. Low number of positive cases (presences) in model training data.",148,FALSE,1,1,0.718952658640014,"RF, XGBOOST, GAM",148,7344,"run3_macrophytes",NA,NA,0.979714091218516,0.716466666666667,"TSS","TSS","Urospora.penicilliformis","macrophytes","RF,XGBOOST,GAM",3
"Utricularia.vulgaris","Utricularia vulgaris","macrophytes","non-mobile","green","",188,FALSE,1,1,0.712444456418355,"RF, XGBOOST, GAM",188,9331,"run3_macrophytes",NA,NA,0.940875500648728,0.7302,"TSS","TSS","Utricularia.vulgaris","macrophytes","RF,XGBOOST,GAM",3
"Vaucheria","Vaucheria","macrophytes","non-mobile","green","",963,FALSE,1,1,0.84939092417558,"RF, XGBOOST, GAM",963,17944,"run3_macrophytes",NA,NA,0.697174584979724,0.486466666666667,"TSS","TSS","Vaucheria","macrophytes","XGBOOST,GAM",2
"Vertebrata.byssoides","Vertebrata byssoides","macrophytes","non-mobile","green","",419,FALSE,1,1,0.774898576935132,"RF, XGBOOST, GAM",419,16275,"run3_macrophytes",NA,NA,0.973041474654378,0.8086,"TSS","TSS","Vertebrata.byssoides","macrophytes","RF,XGBOOST,GAM",3
"Vertebrata.fucoides","Vertebrata fucoides","macrophytes","non-mobile","green","",2955,FALSE,1,1,1.23526566949156,"RF, XGBOOST, GAM",2955,14186,"run3_macrophytes",NA,NA,0.838667427700313,0.586066666666667,"TSS","TSS","Vertebrata.fucoides","macrophytes","RF,XGBOOST,GAM",3
"Zannichellia.major","Zannichellia major","macrophytes","non-mobile","green","",448,TRUE,1,1,0.943322638604376,"RF, XGBOOST, GAM",448,16307,"run3_macrophytes","DE,DK,EE,FI,LT,PL,SE","FI",0.76263518348155,0.403866666666667,"TSS","TSS","Zannichellia.major","macrophytes","XGBOOST,GAM",2
"Zannichellia.palustris","Zannichellia palustris","macrophytes","non-mobile","green","",2151,TRUE,1,1,1.7558317413595,"RF, XGBOOST, GAM",2151,27553,"run3_macrophytes","DE,DK,EE,FI,LT,PL,SE","SE",0.785352930502631,0.483533333333333,"TSS","TSS","Zannichellia.palustris","macrophytes","RF,XGBOOST",2
"Zostera.marina","Zostera marina","macrophytes","non-mobile","green","",2984,FALSE,1,1,1.07176181058089,"RF, XGBOOST, GAM",2984,13842,"run3_macrophytes",NA,NA,0.879005092901889,0.7614,"TSS","TSS","Zostera.marina","macrophytes","RF,XGBOOST,GAM",3
"Zygnema","Zygnema","macrophytes","non-mobile","yellow","Low number of positive cases (presences) in model training data.",120,FALSE,1,1,0.698762393063969,"RF, XGBOOST, GAM",120,5947,"run3_macrophytes",NA,NA,0.874432296047098,0.544666666666667,"TSS","TSS","Zygnema","macrophytes","RF,GAM,XGBOOST",3
